Dist,Incumbent,PVI,Clinton %,Trump %,Obama %,Romney %
AL-01,Bradley Byrne (R),R+15,33.8,63,37.3,61.7
AL-02,Martha Roby (R),R+16,32.8,64.5,36.4,62.8
AL-03,Mike Rogers (R),R+16,31.9,64.8,36.7,62.2
AL-04,Robert Aderholt (R),R+30,17.3,79.8,23.9,74.7
AL-05,Mo Brooks (R),R+18,30.9,63.7,34.8,63.7
AL-06,Gary Palmer (R),R+26,25.8,69.6,24.6,74.3
AL-07,Terri Sewell (D),D+20,69.5,28.3,72.5,27
AK-AL,Don Young (R),R+9,36.6,51.3,40.8,54.8
AZ-01,Tom O'Halleran (D),R+2,46,47,47.9,50.4
AZ-02,Ann Kirkpatrick (D),R+1,48.7,43.9,48.4,49.9
AZ-03,Raul Grijalva (D),D+13,61.6,32.1,61.4,36.9
AZ-04,Paul Gosar (R),R+21,27,66.4,31,67.2
AZ-05,Andy Biggs (R),R+15,35.5,56.1,34.6,63.8
AZ-06,David Schweikert (R),R+9,41.7,51.6,38.8,59.5
AZ-07,Ruben Gallego (D),D+23,70.6,22.3,71.7,26.5
AZ-08,Debbie Lesko (R),R+13,36.4,57.1,36.9,61.7
AZ-09,Greg Stanton (D),D+4,53.5,37.6,51.1,46.6
AR-01,Rick Crawford (R),R+17,30.2,65,36.3,61
AR-02,French Hill (R),R+7,41.7,52.4,42.9,54.8
AR-03,Steve Womack (R),R+19,30.5,61.9,31.6,65.5
AR-04,Bruce Westerman (R),R+17,31.3,64.2,35.9,61.8
CA-01,Doug LaMalfa (R),R+11,36,55.4,40.1,56.4
CA-02,Jared Huffman (D),D+22,68.3,23.1,68.9,26.9
CA-03,John Garamendi (D),D+5,52.6,40.1,54.3,43.1
CA-04,Tom McClintock (R),R+10,38.5,53,39.5,57.8
CA-05,Mike Thompson (D),D+21,68.8,24.2,69.7,27.4
CA-06,Doris Matsui (D),D+21,68,24,69.1,28.3
CA-07,Ami Bera (D),D+3,51.4,40.1,50.8,46.8
CA-08,Paul Cook (R),R+9,39.6,54.7,41.7,55.6
CA-09,Jerry McNerney (D),D+8,55.3,37.2,57.8,40.1
CA-10,Josh Harder (D),EVEN,47.9,44.9,50.5,46.9
CA-11,Mark DeSaulnier (D),D+21,69.7,22.1,67.6,30
CA-12,Nancy Pelosi (D),D+37,85.2,8.6,84.1,12.5
CA-13,Barbara Lee (D),D+40,86,6.7,87.5,9
CA-14,Jackie Speier (D),D+27,76.8,18.2,74.2,23.6
CA-15,Eric Swalwell (D),D+20,68.6,23.7,68,29.8
CA-16,Jim Costa (D),D+9,57.2,35.9,58.5,39.3
CA-17,Ro Khanna (D),D+25,73.6,20.4,71.9,25.5
CA-18,Anna Eshoo (D),D+23,73.4,20.2,68.2,28.9
CA-19,Zoe Lofgren (D),D+24,72.9,21.5,71.2,26.5
CA-20,Jimmy Panetta (D),D+23,69.9,23.1,70.8,26.2
CA-21,T.J. Cox (D),D+5,54.7,39.3,54.6,43.5
CA-22,Devin Nunes (R),R+8,41.9,51.3,41.6,56.6
CA-23,Kevin McCarthy (R),R+14,35.8,57.7,36.1,61.5
CA-24,Salud Carbajal (D),D+7,55.9,36,53.9,43
CA-25,Katie Hill (D),EVEN,50.1,43.4,47.9,49.7
CA-26,Julia Brownley (D),D+7,56.6,35.2,54,43.7
CA-27,Judy Chu (D),D+16,66,28.4,62.6,35
CA-28,Adam Schiff (D),D+23,72.1,22.3,70.3,26.5
CA-29,Tony Cardenas (D),D+29,77.7,16.8,77,20.5
CA-30,Brad Sherman (D),D+18,69.1,25.7,65.3,32.1
CA-31,Pete Aguilar (D),D+8,57.7,36.6,57.2,40.6
CA-32,Grace Napolitano (D),D+17,66.6,27.7,65.2,32.5
CA-33,Ted Lieu (D),D+16,67.8,26.5,60.6,36.8
CA-34,Jimmy Gomez (D),D+35,83.6,10.7,83,14.1
CA-35,Norma Torres (D),D+19,67.7,26.9,67.4,30.6
CA-36,Raul Ruiz (D),D+2,52.2,43.4,50.7,47.5
CA-37,Karen Bass (D),D+37,85.7,9.6,84.9,12.7
CA-38,Linda Sanchez (D),D+17,67,27.4,64.9,33
CA-39,Gil Cisneros (D),EVEN,51.1,42.6,47.1,50.8
CA-40,Lucille Roybal-Allard (D),D+33,82.2,12.8,81.5,16.5
CA-41,Mark Takano (D),D+12,61,33.1,61.5,36.3
CA-42,Ken Calvert (R),R+9,41.4,53.4,41.4,56.5
CA-43,Maxine Waters (D),D+29,78.4,16.7,78,20
CA-44,Nanette Barragan (D),D+35,83,12.3,84.7,13.6
CA-45,Katie Porter (D),R+3,49.4,44,43,54.8
CA-46,Lou Correa (D),D+15,65.6,27.6,61.4,36.2
CA-47,Alan Lowenthal (D),D+13,62.4,30.9,60,37.5
CA-48,Harley Rouda (D),R+4,47.5,45.8,43,54.7
CA-49,Mike Levin (D),R+1,50.5,43.1,45.7,52.3
CA-50,Duncan Hunter (R),R+11,39.6,54.6,37.6,60.4
CA-51,Juan Vargas (D),D+22,71.7,22.7,69.4,28.9
CA-52,Scott Peters (D),D+6,58.1,35.6,52.1,45.7
CA-53,Susan Davis (D),D+14,64.5,29.6,61.4,36.4
CO-01,Diana DeGette (D),D+21,69.1,23.3,69,28.9
CO-02,Joe Neguse (D),D+9,56.3,35,58,39.5
CO-03,Scott Tipton (R),R+6,40,52,45.8,51.8
CO-04,Ken Buck (R),R+13,34.3,57.4,39.3,58.6
CO-05,Doug Lamborn (R),R+14,33.2,57.2,38.3,59.1
CO-06,Jason Crow (D),D+2,50.2,41.3,51.8,46.7
CO-07,Ed Perlmutter (D),D+6,51.8,39.7,56.4,41.5
CT-01,John Larson (D),D+12,59.3,36.3,63.3,35.6
CT-02,Joe Courtney (D),D+3,48.6,45.7,55.9,42.6
CT-03,Rosa DeLauro (D),D+9,55.8,40.3,62.6,36.3
CT-04,Jim Himes (D),D+7,59.5,36.5,55.1,44
CT-05,Jahana Hayes (D),D+2,49.9,45.8,53.5,45.3
DE-AL,Lisa Blunt Rochester (D),D+6,53.2,41.8,58.6,40
FL-01,Matt Gaetz (R),R+22,28.2,67.5,null,null
FL-02,Neal Dunn (R),R+18,30.6,66.2,null,null
FL-03,Ted Yoho (R),R+9,40.2,56.2,null,null
FL-04,John Rutherford (R),R+17,34.1,62.1,null,null
FL-05,Al Lawson (D),D+12,61.3,35.9,null,null
FL-06,Michael Waltz (R),R+7,39.9,56.9,null,null
FL-07,Stephanie Murphy (D),EVEN,51.4,44.1,null,null
FL-08,Bill Posey (R),R+11,37.7,58.4,null,null
FL-09,Darren Soto (D),D+5,54.8,41.9,null,null
FL-10,Val Demings (D),D+11,61.8,34.9,null,null
FL-11,Dan Webster (R),R+15,32.5,64.8,null,null
FL-12,Gus Bilirakis (R),R+8,38.8,57.4,null,null
FL-13,Charlie Crist (D),D+2,49.6,46.4,null,null
FL-14,Kathy Castor (D),D+7,57.2,39,null,null
FL-15,Ross Spano (R),R+6,43.1,53.1,null,null
FL-16,Vern Buchanan (R),R+7,43,53.7,null,null
FL-17,Greg Steube (R),R+13,35,62.2,null,null
FL-18,Brian Mast (R),R+5,44.1,53.3,null,null
FL-19,Francis Rooney (R),R+13,37.5,59.6,null,null
FL-20,Alcee Hastings (D),D+31,80.2,18.1,null,null
FL-21,Lois Frankel (D),D+9,58.6,39.1,null,null
FL-22,Ted Deutch (D),D+6,56.8,41,null,null
FL-23,Debbie Wasserman Schultz (D),D+11,61.9,35.8,null,null
FL-24,Frederica Wilson (D),D+34,82.7,15.5,null,null
FL-25,Mario Diaz-Balart (R),R+4,47.9,49.7,null,null
FL-26,Debbie Mucarsel-Powell (D),D+6,56.8,40.5,null,null
FL-27,Donna Shalala (D),D+5,58.6,38.9,null,null
GA-01,Buddy Carter (R),R+9,40.9,56.4,43,55.9
GA-02,Sanford Bishop (D),D+6,55,43.3,58.6,40.8
GA-03,Drew Ferguson (R),R+18,32.8,64.3,33,65.9
GA-04,Hank Johnson (D),D+24,75.3,22.2,73.6,25.6
GA-05,John Lewis (D),D+34,85,11.9,83.1,15.8
GA-06,Lucy McBath (D),R+8,46.8,48.3,37.4,60.9
GA-07,Rob Woodall (R),R+9,44.8,51.1,38.4,60.2
GA-08,Austin Scott (R),R+15,34.4,63.3,37.5,61.6
GA-09,Doug Collins (R),R+31,19.3,77.8,20.5,78.2
GA-10,Jody Hice (R),R+15,35.8,61.3,36.3,62.5
GA-11,Barry Loudermilk (R),R+17,35.3,60.3,31.5,66.9
GA-12,Rick Allen (R),R+9,40.7,56.9,43.7,55.4
GA-13,David Scott (D),D+20,71,26.6,69.3,30
GA-14,Tom Graves (R),R+27,22.1,75,25.3,73.2
HI-01,Ed Case (D),D+17,63.1,30.5,69.7,29
HI-02,Tulsi Gabbard (D),D+19,61.4,29.6,71.4,26.7
ID-01,Russ Fulcher (R),R+21,25.4,63.7,32.2,64.9
ID-02,Mike Simpson (R),R+17,29.8,54.5,33.1,64.1
IL-01,Bobby Rush (D),D+27,74.7,21.5,78.9,20.3
IL-02,Robin Kelly (D),D+29,77.6,19,80.7,18.6
IL-03,Dan Lipinski (D),D+6,54.9,39.4,56,42.5
IL-04,Chuy Garcia (D),D+33,81.3,13.1,80.9,17.1
IL-05,Mike Quigley (D),D+20,69.6,23.6,66,31.8
IL-06,Sean Casten (D),R+2,49.9,43,45.2,53.4
IL-07,Danny Davis (D),D+38,86.5,9.1,87.3,11.8
IL-08,Raja Krishnamoorthi (D),D+8,57.5,36,57.5,41
IL-09,Jan Schakowsky (D),D+18,69.1,24.6,65,33.3
IL-10,Brad Schneider (D),D+10,61,32.1,57.5,41.1
IL-11,Bill Foster (D),D+9,58.4,35.2,57.8,40.6
IL-12,Mike Bost (R),R+5,40.1,54.9,49.7,48.2
IL-13,Rodney Davis (R),R+3,44.3,49.5,48.7,48.9
IL-14,Lauren Underwood (D),R+5,45.3,49.3,44.2,54.2
IL-15,John Shimkus (R),R+21,24.5,70.7,34.1,64
IL-16,Adam Kinzinger (R),R+8,38.2,55,45.3,52.7
IL-17,Cheri Bustos (D),D+3,46.5,47.3,57.5,40.8
IL-18,Darin LaHood (R),R+15,32.8,60.5,37.4,60.7
IN-01,Peter Visclosky (D),D+8,53.8,41.3,61.2,37.4
IN-02,Jackie Walorski (R),R+11,35.9,58.9,42.1,56.1
IN-03,Jim Banks (R),R+18,29.9,64.7,35.7,62.5
IN-04,Jim Baird (R),R+17,30,63.9,36.8,60.8
IN-05,Susan Brooks (R),R+9,40.9,52.6,40.7,57.5
IN-06,Greg Pence (R),R+18,27.3,67.5,37.3,60.4
IN-07,Andre Carson (D),D+11,58.2,35.7,62.9,35.4
IN-08,Larry Bucshon (R),R+15,30.8,64.4,39.6,58.4
IN-09,Trey Hollingsworth (R),R+13,34,60.8,40.7,57.1
IA-01,Abby Finkenauer (D),D+1,44.6,48.1,55.9,42.3
IA-02,Dave Loebsack (D),D+1,44.4,48.5,55.5,42.5
IA-03,Cindy Axne (D),R+1,44.5,48,51.2,46.9
IA-04,Steve King (R),R+11,33.2,60.3,45,53.2
KS-01,Roger Marshall (R),R+24,24.2,69,27.6,70
KS-02,Steve Watkins (R),R+10,37.3,55.6,42.2,55.4
KS-03,Sharice Davids (D),R+4,46.9,45.7,44.3,53.8
KS-04,Ron Estes (R),R+15,32.8,59.8,36.1,61.5
KY-01,James Comer (R),R+23,23.9,72.4,32.1,66.4
KY-02,Brett Guthrie (R),R+19,27.6,67.5,35.1,63.3
KY-03,John Yarmuth (D),D+6,54.9,39.9,56.2,43.2
KY-04,Thomas Massie (R),R+18,29.2,65.1,34.8,63.4
KY-05,Hal Rogers (R),R+31,17.5,79.6,23.2,75
KY-06,Andy Barr (R),R+9,39.4,54.7,42.2,55.8
LA-01,Steve Scalise (R),R+24,26.8,69,26.9,70.9
LA-02,Cedric Richmond (D),D+25,75.1,22.4,75.8,22.8
LA-03,Clay Higgins (R),R+20,29.2,67.3,32.3,66.1
LA-04,Mike Johnson (R),R+13,36.6,60.6,39.7,59
LA-05,Ralph Abraham (R),R+15,34.1,63.5,37.7,61
LA-06,Garret Graves (R),R+19,31.3,65.3,32,66.2
ME-01,Chellie Pingree (D),D+8,54,39.2,59.4,38.1
ME-02,Jared Golden (D),R+2,41,51.3,52.8,44.2
MD-01,Andy Harris (R),R+14,34.9,60,37.3,60.5
MD-02,Dutch Ruppersberger (D),D+11,58.1,37.2,63,35
MD-03,John Sarbanes (D),D+13,62.8,31.9,61.3,36.5
MD-04,Anthony Brown (D),D+28,76.8,19.7,77.8,21.1
MD-05,Steny Hoyer (D),D+16,64.9,31.1,66,32.2
MD-06,David Trone (D),D+6,55.2,39.8,54.8,43
MD-07,Elijah Cummings (D),D+26,74,21.5,75.9,22.6
MD-08,Jamie Raskin (D),D+14,64.2,30.9,62.3,35.8
MA-01,Richard Neal (D),D+12,56.3,36,63.8,34.2
MA-02,Jim McGovern (D),D+9,55.3,36.2,58.6,39.1
MA-03,Lori Trahan (D),D+9,57.3,34.8,56.8,41.3
MA-04,Joe Kennedy (D),D+9,58.1,34.4,57,41.2
MA-05,Katherine Clark (D),D+18,68.2,25.3,65.1,33.1
MA-06,Seth Moulton (D),D+6,55.1,37.6,54.6,43.8
MA-07,Ayanna Pressley (D),D+34,83,11.8,82.3,15.6
MA-08,Stephen Lynch (D),D+10,59.5,33.8,57.7,40.8
MA-09,Bill Keating (D),D+4,51.7,41.2,55.4,43.1
MI-01,Jack Bergman (R),R+9,36.5,57.8,45.2,53.5
MI-02,Bill Huizenga (R),R+9,37.8,55.1,43,55.9
MI-03,Justin Amash (R),R+6,42.1,51.6,45.8,53.2
MI-04,John Moolenaar (R),R+10,34.6,59.4,45.4,53.4
MI-05,Daniel Kildee (D),D+5,49.7,45.4,60.6,38.3
MI-06,Fred Upton (R),R+4,42.8,51.2,48.8,50.1
MI-07,Tim Walberg (R),R+7,38.6,55.6,47.9,51
MI-08,Elissa Slotkin (D),R+4,43.8,50.5,47.9,51.1
MI-09,Andy Levin (D),D+4,51.4,43.7,57.3,41.9
MI-10,Paul Mitchell (R),R+13,31.6,63.8,43.7,55.3
MI-11,Haley Stevens (D),R+4,45,49.4,47,52.4
MI-12,Debbie Dingell (D),D+14,60.6,34.3,66.4,32.9
MI-13,Rashida Tlaib (D),D+32,78.8,18.1,85.2,14.3
MI-14,Brenda Lawrence (D),D+30,79.1,18.2,80.9,18.6
MN-01,Jim Hagedorn (R),R+5,38.1,52.8,49.4,48
MN-02,Angie Craig (D),R+2,44.9,46.1,48.9,48.9
MN-03,Dean Phillips (D),D+1,50.2,40.9,49.5,48.7
MN-04,Betty McCollum (D),D+14,60.9,30.2,62.3,35.4
MN-05,Ilhan Omar (D),D+26,73,18.3,73.2,23.9
MN-06,Tom Emmer (R),R+12,33,58.4,41.4,56.3
MN-07,Collin Peterson (D),R+12,30.8,61.4,44,53.7
MN-08,Pete Stauber (R),R+4,38.3,53.8,51.5,46
MS-01,Trent Kelly (R),R+16,32.4,65.4,37,61.9
MS-02,Bennie Thompson (D),D+14,63.6,35.1,66.4,33.1
MS-03,Michael Guest (R),R+13,36.8,61.3,39.1,60
MS-04,Steven Palazzo (R),R+21,28.2,69.4,31.2,67.6
MO-01,Lacy Clay (D),D+29,76.8,18.8,79.9,18.9
MO-02,Ann Wagner (R),R+8,42.1,52.5,41.5,57.1
MO-03,Blaine Luetkemeyer (R),R+18,28,67,36,62.1
MO-04,Vicky Hartzler (R),R+17,29.3,65.1,36.4,61.2
MO-05,Emanuel Cleaver (D),D+7,54.6,39.8,58.9,39.4
MO-06,Sam Graves (R),R+16,31.1,63.4,38,59.9
MO-07,Billy Long (R),R+23,24.6,70.1,30.4,67.6
MO-08,Jason Smith (R),R+24,21.1,75.3,32,65.9
MT-AL,Greg Gianforte (R),R+11,35.7,56.2,41.7,55.4
NE-01,Jeff Fortenberry (R),R+11,35.5,56.2,40.7,57.2
NE-02,Don Bacon (R),R+4,44.9,47.2,45.5,52.6
NE-03,Adrian Smith (R),R+27,19.7,73.9,27.7,70
NV-01,Dina Titus (D),D+15,61.6,32.6,65.3,32.2
NV-02,Mark Amodei (R),R+7,39.7,52,44.8,52.9
NV-03,Susie Lee (D),R+2,46.5,47.5,49.3,48.5
NV-04,Steven Horsford (D),D+3,49.5,44.6,54.2,43.5
NH-01,Chris Pappas (D),R+2,45.9,47.5,50,48.4
NH-02,Annie Kuster (D),D+2,47.8,45.4,54,44.3
NJ-01,Donald Norcross (D),D+13,60.6,36.1,65.8,34.2
NJ-02,Jeff Van Drew (D),R+1,46,50.6,53.7,45.5
NJ-03,Andy Kim (D),R+2,45.2,51.4,52.3,47.7
NJ-04,Chris Smith (R),R+8,41,55.8,45.2,54.8
NJ-05,Josh Gottheimer (D),R+3,47.7,48.8,48.5,51.5
NJ-06,Frank Pallone (D),D+9,56.2,40.6,62.1,37.9
NJ-07,Tom Malinowski (D),R+3,48.6,47.5,46.7,53
NJ-08,Albio Sires (D),D+27,75.7,21.5,79,21
NJ-09,Bill Pascrell (D),D+16,64.3,33.1,68.9,31.1
NJ-10,Donald Payne Jr. (D),D+36,85.2,12.8,88.5,11.6
NJ-11,Mikie Sherrill (D),R+3,47.9,48.8,47.1,52.9
NJ-12,Bonnie Watson Coleman (D),D+16,65,31.8,67.3,32.8
NM-01,Deb Haaland (D),D+7,51.6,35.1,55.3,39.6
NM-02,Xochitl Torres Small (D),R+6,39.9,50.1,44.9,51.7
NM-03,Ben R. Lujan (D),D+8,51.8,36.7,57.5,38.7
NY-01,Lee Zeldin (R),R+5,41.8,54,49.5,49
NY-02,Peter King (R),R+3,43.7,52.6,51.6,47.2
NY-03,Tom Suozzi (D),D+1,51.2,45.1,50.7,48.2
NY-04,Kathleen Rice (D),D+4,53,43.4,55.7,43.3
NY-05,Gregory Meeks (D),D+37,85.4,12.6,89.7,9.9
NY-06,Grace Meng (D),D+16,64.7,31.9,67.7,31
NY-07,Nydia Velazquez (D),D+38,86.4,10.3,88.8,10.4
NY-08,Hakeem Jeffries (D),D+36,84.2,13.4,89.2,10.2
NY-09,Yvette Clarke (D),D+34,82.9,14.3,85.1,13.9
NY-10,Jerrold Nadler (D),D+26,77.5,18.6,73.5,25
NY-11,Max Rose (D),R+3,43.5,53.3,51.6,47.2
NY-12,Carolyn Maloney (D),D+31,82.4,13.3,76.8,21.5
NY-13,Adriano Espaillat (D),D+43,91.8,5.4,94.6,4.6
NY-14,Alexandria Ocasio-Cortez (D),D+29,77.3,19.7,80.6,18.3
NY-15,Jose E. Serrano (D),D+44,93.5,4.9,96.7,3
NY-16,Eliot Engel (D),D+24,74.5,22.3,73.6,25.5
NY-17,Nita Lowey (D),D+7,58,38.1,57,41.8
NY-18,Sean Patrick Maloney (D),R+1,46.6,48.7,51.4,47.1
NY-19,Antonio Delgado (D),R+2,43.5,50.2,52,45.8
NY-20,Paul Tonko (D),D+7,53.3,40,59.1,38.7
NY-21,Elise Stefanik (R),R+4,39.4,53.1,52.1,46
NY-22,Anthony Brindisi (D),R+6,38.9,54.2,48.7,49.1
NY-23,Tom Reed (R),R+6,39.2,53.9,48.3,49.5
NY-24,John Katko (R),D+3,48.6,45,57,41.1
NY-25,Joe Morelle (D),D+8,54.9,38.7,58.6,39.3
NY-26,Brian Higgins (D),D+11,57.5,37.9,63.9,34.3
NY-27,Chris Collins (R),R+11,35,59.3,42.8,55.2
NC-01,G.K. Butterfield (D),D+17,65.9,31.1,null,null
NC-02,George Holding (R),R+7,44.6,50.9,null,null
NC-03,VACANT (Jones) (R),R+12,37,59.6,null,null
NC-04,David Price (D),D+17,65.7,29,null,null
NC-05,Virginia Foxx (R),R+10,39.2,56.6,null,null
NC-06,Mark Walker (R),R+9,41,55.6,null,null
NC-07,David Rouzer (R),R+9,39.6,56.9,null,null
NC-08,Richard Hudson (R),R+8,40.7,55.5,null,null
NC-09,(),R+8,42.4,53.5,null,null
NC-10,Patrick McHenry (R),R+12,35.7,60.5,null,null
NC-11,Mark Meadows (R),R+14,33.7,62,null,null
NC-12,Alma Adams (D),D+18,67.2,28.2,null,null
NC-13,Ted Budd (R),R+6,43.5,52.7,null,null
ND-AL,Kelly Armstrong (R),R+16,27.2,63,38.7,58.3
OH-01,Steve Chabot (R),R+5,44.5,51.1,46.3,52.4
OH-02,Brad Wenstrup (R),R+9,39.5,55.6,43.7,54.8
OH-03,Joyce Beatty (D),D+19,67.2,28.3,69.8,29
OH-04,Jim Jordan (R),R+14,30.5,63.9,42.1,56.1
OH-05,Bob Latta (R),R+11,34.4,59.3,44.1,53.9
OH-06,Bill Johnson (R),R+16,26.5,68.9,42.7,55.3
OH-07,Bob Gibbs (R),R+12,32.7,62.4,44.4,53.9
OH-08,Warren Davidson (R),R+17,30.4,64.7,36.4,61.9
OH-09,Marcy Kaptur (D),D+14,58.7,36.5,67.7,30.9
OH-10,Mike Turner (R),R+4,43.8,51,48.2,50.1
OH-11,Marcia Fudge (D),D+32,80.5,17,83.3,16.1
OH-12,Troy Balderson (R),R+7,41.6,53.1,44,54.4
OH-13,Tim Ryan (D),D+7,51.1,44.6,62.9,35.8
OH-14,David Joyce (R),R+5,42,53.4,47.6,51
OH-15,Steve Stivers (R),R+7,39.6,55.2,46.4,51.9
OH-16,Anthony Gonzalez (R),R+8,39.4,56.1,45.3,53.5
OK-01,Kevin Hern (R),R+17,32.7,61.4,34.2,65.8
OK-02,Markwayne Mullin (R),R+24,22.8,72.9,32.2,67.8
OK-03,Frank Lucas (R),R+27,20.9,73.6,26.1,73.9
OK-04,Tom Cole (R),R+20,28.4,65.6,32.9,67.1
OK-05,Kendra Horn (D),R+10,39.7,53.3,40.8,59.2
OR-01,Suzanne Bonamici (D),D+9,55,33.1,56.8,39.7
OR-02,Greg Walden (R),R+11,35.3,54.7,40.1,56.4
OR-03,Earl Blumenauer (D),D+24,68.4,21.7,71.6,24.5
OR-04,Peter DeFazio (D),EVEN,44.5,44.4,51.4,44.7
OR-05,Kurt Schrader (D),EVEN,46.4,42.3,50.1,46.8
PA-01,Brian Fitzpatrick (R),R+1,49.1,47.1,50.3,48.4
PA-02,Brendan Boyle (D),D+25,72.9,24.9,77.4,21.8
PA-03,Dwight Evans (D),D+41,90.9,7,91.8,7.5
PA-04,Madeleine Dean (D),D+7,57.9,38.5,56.1,42.8
PA-05,Mary Gay Scanlon (D),D+13,62.6,34.4,64.5,34.5
PA-06,Chrissy Houlahan (D),D+2,52.6,43.3,50.9,47.9
PA-07,Susan Wild (D),D+1,48.7,47.6,52.9,45.9
PA-08,Matt Cartwright (D),R+1,43.7,53.2,55.2,43.5
PA-09,Dan Meuser (R),R+14,31,65,41.2,57.2
PA-10,Scott Perry (R),R+6,43.4,52.3,46,52.6
PA-11,Lloyd Smucker (R),R+14,34.7,60.5,37.8,60.7
PA-12,VACANT (Marino) (R),R+17,29.8,66.3,37,61.4
PA-13,John Joyce (R),R+22,25.5,71,31.8,66.8
PA-14,Guy Reschenthaler (R),R+14,33.9,62.9,40.4,58.4
PA-15,Glenn Thompson (R),R+20,26.6,70,35.8,62.6
PA-16,Mike Kelly (R),R+8,38,57.9,46.7,51.9
PA-17,Conor Lamb (D),R+3,46.7,49.2,47.3,51.6
PA-18,Mike Doyle (D),D+13,61.7,34.9,63.5,35.2
RI-01,David Cicilline (D),D+14,59.2,34.3,66,32.1
RI-02,Jim Langevin (D),D+6,49.9,43.1,59.7,38.1
SC-01,Joe Cunningham (D),R+10,40.5,53.2,40.1,58.4
SC-02,Joe Wilson (R),R+12,38.1,56.7,36.6,62
SC-03,Jeff Duncan (R),R+19,29,67,33.9,64.6
SC-04,William Timmons (R),R+15,34.2,60,36.2,62.2
SC-05,Ralph Norman (R),R+9,38.8,57.3,43.4,55.3
SC-06,Jim Clyburn (D),D+19,67.1,29.7,73,26
SC-07,Tom Rice (R),R+9,39.2,57.9,44.5,54.5
SD-AL,Dusty Johnson (R),R+14,31.7,61.5,39.9,57.9
TN-01,Phil Roe (R),R+28,19.6,76.4,25.7,72.7
TN-02,Tim Burchett (R),R+20,29.5,64.7,30.9,67.3
TN-03,Chuck Fleischmann (R),R+18,30,65.1,35,63.4
TN-04,Scott DesJarlais (R),R+20,27.2,68.1,33.2,65.2
TN-05,Jim Cooper (D),D+7,56,37.9,55.9,42.5
TN-06,John Rose (R),R+24,23.6,72.3,29.5,69.1
TN-07,Mark Green (R),R+20,28,67,32.9,65.7
TN-08,David Kustoff (R),R+19,30.5,65.8,32.7,66.3
TN-09,Steve Cohen (D),D+28,76.9,19.6,78.5,20.8
TX-01,Louie Gohmert (R),R+25,25.1,71.7,27.5,71.6
TX-02,Dan Crenshaw (R),R+11,42.8,52,35.6,63
TX-03,Van Taylor (R),R+13,39.9,53.8,34.2,64.3
TX-04,John Ratcliffe (R),R+28,21.6,74.9,24.8,74
TX-05,Lance Gooden (R),R+16,34.2,62.5,34.4,64.5
TX-06,Ron Wright (R),R+9,41.6,53.8,40.8,57.9
TX-07,Lizzie Fletcher (D),R+7,48.2,46.8,38.6,59.9
TX-08,Kevin Brady (R),R+28,23.6,71.9,21.7,77
TX-09,Al Green (D),D+29,79.1,18,78,21.2
TX-10,Michael McCaul (R),R+9,42.8,51.9,38.8,59.1
TX-11,Mike Conaway (R),R+32,19,77.5,19.6,79.2
TX-12,Kay Granger (R),R+18,32.5,62.4,31.7,66.8
TX-13,Mac Thornberry (R),R+33,16.8,79.5,18.5,80.2
TX-14,Randy Weber (R),R+12,38.3,58,39.5,59.3
TX-15,Vicente Gonzalez (D),D+7,56.2,39.7,57.4,41.6
TX-16,Veronica Escobar (D),D+17,67.2,26.9,64.2,34.5
TX-17,Bill Flores (R),R+12,38.4,55.7,37.7,60.4
TX-18,Sheila Jackson Lee (D),D+27,76.2,19.9,76.1,22.8
TX-19,Jodey Arrington (R),R+27,23.3,72,25,73.6
TX-20,Joaquin Castro (D),D+10,60.2,33.9,58.9,39.7
TX-21,Chip Roy (R),R+10,42.1,51.9,37.9,59.8
TX-22,Pete Olson (R),R+10,43.9,51.7,36.7,62.1
TX-23,Will Hurd (R),R+1,49.4,45.9,48.1,50.7
TX-24,Kenny Marchant (R),R+9,44.3,50.5,38,60.4
TX-25,Roger Williams (R),R+11,39.9,54.7,37.8,59.9
TX-26,Michael Burgess (R),R+18,34,60.3,30.7,67.6
TX-27,Michael Cloud (R),R+13,36.4,59.8,38.2,60.5
TX-28,Henry Cuellar (D),D+9,57.8,38.1,60.3,38.7
TX-29,Sylvia Garcia (D),D+19,71,25.4,65.9,33
TX-30,Eddie Bernice Johnson (D),D+29,79.1,18.3,79.6,19.7
TX-31,John Carter (R),R+10,40.1,52.6,38.2,59.6
TX-32,Colin Allred (D),R+5,48.4,46.6,41.5,57
TX-33,Marc Veasey (D),D+23,72.8,23.7,72,27.1
TX-34,Filemon Vela (D),D+10,59.1,37.6,60.7,38.3
TX-35,Lloyd Doggett (D),D+15,63.6,30.3,63,34.6
TX-36,Brian Babin (R),R+26,25.1,71.7,25.7,73.1
UT-01,Rob Bishop (R),R+26,22.4,49.7,20.4,77.5
UT-02,Chris Stewart (R),R+16,32,46,29.4,68.4
UT-03,John Curtis (R),R+25,23.3,47.2,19.6,78.6
UT-04,Ben McAdams (D),R+13,32.4,39.1,30.4,67.6
VT-AL,Peter Welch (D),D+15,56.7,30.3,66.6,31
VA-01,Rob Wittman (R),R+8,40.9,53.1,null,null
VA-02,Elaine Luria (D),R+3,45,48.4,null,null
VA-03,Bobby Scott (D),D+16,63.2,31.7,null,null
VA-04,Don McEachin (D),D+10,58.4,37,null,null
VA-05,Denver Riggleman (R),R+6,42.1,53.1,null,null
VA-06,Ben Cline (R),R+13,34.7,59.3,null,null
VA-07,Abigail Spanberger (D),R+6,43.7,50.2,null,null
VA-08,Don Beyer (D),D+21,72.4,20.6,null,null
VA-09,Morgan Griffith (R),R+19,27.2,68.4,null,null
VA-10,Jennifer Wexton (D),D+1,51.6,41.7,null,null
VA-11,Gerry Connolly (D),D+15,66.1,27.2,null,null
WA-01,Suzan DelBene (D),D+6,54.2,37.8,54.1,43.3
WA-02,Rick Larsen (D),D+10,56.9,34.8,59.2,38
WA-03,Jaime Herrera Beutler (R),R+4,42.5,49.9,47.9,49.6
WA-04,Dan Newhouse (R),R+13,35.1,57.9,37.9,59.7
WA-05,Cathy McMorris Rodgers (R),R+8,39.1,52.2,43.7,53.5
WA-06,Derek Kilmer (D),D+6,51.8,39.5,56.1,41.2
WA-07,Pramila Jayapal (D),D+33,82.1,12.2,79.2,18.1
WA-08,Kim Schrier (D),EVEN,47.7,44.7,49.7,48.1
WA-09,Adam Smith (D),D+21,70.4,23.4,68.3,29.6
WA-10,Denny Heck (D),D+5,51.2,39.9,56.3,41.1
WV-01,David McKinley (R),R+19,26.4,68,35.5,62.2
WV-02,Alex Mooney (R),R+17,29.4,65.8,38,60
WV-03,Carol Miller (R),R+23,23.3,72.5,32.8,65
WI-01,Bryan Steil (R),R+5,41.8,52.1,47.4,51.6
WI-02,Mark Pocan (D),D+18,64.9,28.6,68.2,30.4
WI-03,Ron Kind (D),EVEN,44.3,48.8,54.7,43.7
WI-04,Gwen Moore (D),D+25,73,21.5,75.2,23.7
WI-05,Jim Sensenbrenner (R),R+13,36.7,56.5,37.7,61.2
WI-06,Glenn Grothman (R),R+8,38.2,54.8,45.7,53
WI-07,Sean Duffy (R),R+8,36.9,57.2,47.7,50.8
WI-08,Mike Gallagher (R),R+7,38.3,55.7,47.5,51.2
WY-AL,Liz Cheney (R),R+25,21.9,68.2,27.8,68.6